Workbook

Sheet Sisendid
A1: Pangalaenu kalkulaator – sisendid
A3: Sisend | B3: Väärtus | C3: Märkus / allikas
A4: Laenusumma | B4: 30000 | C4: Näidisandmed; muuda vastavalt pakkumisele
A5: Aastane nominaalintress | B5: 0.079 | C5: Näidisandmed
A6: Laenuperiood kuudes | B6: 84 | C6: Näidisandmed
A7: Lepingutasu | B7: 600 | C7: Näidisandmed
A8: Igakuine haldustasu | B8: 3.99 | C8: Näidisandmed
A9: Esimese makse kuupäev | B9: 46145 | C9: Näidisandmed
A10: Viimane makse tähtaeg | B10: =EDATE(B9,B6-1) -> 48672 | C10: Näidisandmed
A11: Oma kuusissetulek | B11: 2500 | C11: Näidisandmed
A12: Muud igakuised kohustused | B12: 800 | C12: Näidisandmed
A14: Arvutus | B14: Valem / tulemus | C14: Selgitus
A15: Kuumakse ilma tasudeta | B15: =-PMT(B5/12,B6,B4) -> 466.09319 | C15: PMT valem: intress/12, periood, laenusumma
A16: Kuumakse koos haldustasuga | B16: =B15+B8 -> 470.08319 | C16: Kuumakse + igakuine haldustasu
A17: Kogumaksete summa | B17: =B16*B6+B7 -> 40086.988 | C17: Kõik kuumaksed koos haldustasuga + lepingutasu
A18: Kogu intressikulu | B18: =B17-B4-B7-B8*B6 -> 9151.8282 | C18: Kogumaksete summa – laenusumma – tasud
A19: Hinnanguline kulukuse määr | B19: =(1+RATE(B6,-B16,B4-B7))^12-1 -> 0.091668855 | C19: RATE põhjal, arvestades kuumakset ja algseid tasusid
A20: Maksekoormus koos muude kohustustega | B20: =(B16+B12)/B11 -> 0.50803328 | C20: (Kuumakse koos haldustasuga + muud igakuised kohustused) / netosissetulek

Sheet Maksegraafik
A1: Laenu maksegraafik
A3: Kuu | B3: Makse kuupäev | C3: Algjääk | D3: Kuumakse | E3: Intress | F3: Põhiosa | G3: Haldustasu | H3: Kogumakse | I3: Lõppjääk | J3: Kumulatiivne intress
A4: 1 | B4: =IF(A4<=Sisendid!$B$6,Sisendid!$B$9,"") -> 46145 | C4: =IF(A4<=Sisendid!$B$6,Sisendid!$B$4,"") -> 30000 | D4: =IF(A4<=Sisendid!$B$6,Sisendid!$B$15,"") -> 466.09319 | E4: =IF(A4<=Sisendid!$B$6,C4*(Sisendid!$B$5/12),"") -> 197.5 | F4: =IF(A4<=Sisendid!$B$6,MIN(D4-E4,C4),"") -> 268.59319 | G4: =IF(A4<=Sisendid!$B$6,Sisendid!$B$8,"") -> 3.99 | H4: =IF(A4<=Sisendid!$B$6,E4+F4+G4,"") -> 470.08319 | I4: =IF(A4<=Sisendid!$B$6,MAX(0,C4-F4),"") -> 29731.407 | J4: =IF(A4<=Sisendid!$B$6,E4,"") -> 197.5
A5: 2 | B5: =IF(A5<=Sisendid!$B$6,EDATE($B$4,A5-1),"") -> 46176 | C5: =IF(A5<=Sisendid!$B$6,I4,"") -> 29731.407 | D5: =IF(A5<=Sisendid!$B$6,Sisendid!$B$15,"") -> 466.09319 | E5: =IF(A5<=Sisendid!$B$6,C5*(Sisendid!$B$5/12),"") -> 195.73176 | F5: =IF(A5<=Sisendid!$B$6,MIN(D5-E5,C5),"") -> 270.36143 | G5: =IF(A5<=Sisendid!$B$6,Sisendid!$B$8,"") -> 3.99 | H5: =IF(A5<=Sisendid!$B$6,E5+F5+G5,"") -> 470.08319 | I5: =IF(A5<=Sisendid!$B$6,MAX(0,C5-F5),"") -> 29461.045 | J5: =IF(A5<=Sisendid!$B$6,J4+E5,"") -> 393.23176
A6: 3 | B6: =IF(A6<=Sisendid!$B$6,EDATE($B$4,A6-1),"") -> 46206 | C6: =IF(A6<=Sisendid!$B$6,I5,"") -> 29461.045 | D6: =IF(A6<=Sisendid!$B$6,Sisendid!$B$15,"") -> 466.09319 | E6: =IF(A6<=Sisendid!$B$6,C6*(Sisendid!$B$5/12),"") -> 193.95188 | F6: =IF(A6<=Sisendid!$B$6,MIN(D6-E6,C6),"") -> 272.14131 | G6: =IF(A6<=Sisendid!$B$6,Sisendid!$B$8,"") -> 3.99 | H6: =IF(A6<=Sisendid!$B$6,E6+F6+G6,"") -> 470.08319 | I6: =IF(A6<=Sisendid!$B$6,MAX(0,C6-F6),"") -> 29188.904 | J6: =IF(A6<=Sisendid!$B$6,J5+E6,"") -> 587.18364
A7: 4 | B7: =IF(A7<=Sisendid!$B$6,EDATE($B$4,A7-1),"") -> 46237 | C7: =IF(A7<=Sisendid!$B$6,I6,"") -> 29188.904 | D7: =IF(A7<=Sisendid!$B$6,Sisendid!$B$15,"") -> 466.09319 | E7: =IF(A7<=Sisendid!$B$6,C7*(Sisendid!$B$5/12),"") -> 192.16029 | F7: =IF(A7<=Sisendid!$B$6,MIN(D7-E7,C7),"") -> 273.93291 | G7: =IF(A7<=Sisendid!$B$6,Sisendid!$B$8,"") -> 3.99 | H7: =IF(A7<=Sisendid!$B$6,E7+F7+G7,"") -> 470.08319 | I7: =IF(A7<=Sisendid!$B$6,MAX(0,C7-F7),"") -> 28914.971 | J7: =IF(A7<=Sisendid!$B$6,J6+E7,"") -> 779.34393
A8: 5 | B8: =IF(A8<=Sisendid!$B$6,EDATE($B$4,A8-1),"") -> 46268 | C8: =IF(A8<=Sisendid!$B$6,I7,"") -> 28914.971 | D8: =IF(A8<=Sisendid!$B$6,Sisendid!$B$15,"") -> 466.09319 | E8: =IF(A8<=Sisendid!$B$6,C8*(Sisendid!$B$5/12),"") -> 190.35689 | F8: =IF(A8<=Sisendid!$B$6,MIN(D8-E8,C8),"") -> 275.7363 | G8: =IF(A8<=Sisendid!$B$6,Sisendid!$B$8,"") -> 3.99 | H8: =IF(A8<=Sisendid!$B$6,E8+F8+G8,"") -> 470.08319 | I8: =IF(A8<=Sisendid!$B$6,MAX(0,C8-F8),"") -> 28639.235 | J8: =IF(A8<=Sisendid!$B$6,J7+E8,"") -> 969.70082
A9: 6 | B9: =IF(A9<=Sisendid!$B$6,EDATE($B$4,A9-1),"") -> 46298 | C9: =IF(A9<=Sisendid!$B$6,I8,"") -> 28639.235 | D9: =IF(A9<=Sisendid!$B$6,Sisendid!$B$15,"") -> 466.09319 | E9: =IF(A9<=Sisendid!$B$6,C9*(Sisendid!$B$5/12),"") -> 188.54163 | F9: =IF(A9<=Sisendid!$B$6,MIN(D9-E9,C9),"") -> 277.55156 | G9: =IF(A9<=Sisendid!$B$6,Sisendid!$B$8,"") -> 3.99 | H9: =IF(A9<=Sisendid!$B$6,E9+F9+G9,"") -> 470.08319 | I9: =IF(A9<=Sisendid!$B$6,MAX(0,C9-F9),"") -> 28361.683 | J9: =IF(A9<=Sisendid!$B$6,J8+E9,"") -> 1158.2425
A10: 7 | B10: =IF(A10<=Sisendid!$B$6,EDATE($B$4,A10-1),"") -> 46329 | C10: =IF(A10<=Sisendid!$B$6,I9,"") -> 28361.683 | D10: =IF(A10<=Sisendid!$B$6,Sisendid!$B$15,"") -> 466.09319 | E10: =IF(A10<=Sisendid!$B$6,C10*(Sisendid!$B$5/12),"") -> 186.71442 | F10: =IF(A10<=Sisendid!$B$6,MIN(D10-E10,C10),"") -> 279.37878 | G10: =IF(A10<=Sisendid!$B$6,Sisendid!$B$8,"") -> 3.99 | H10: =IF(A10<=Sisendid!$B$6,E10+F10+G10,"") -> 470.08319 | I10: =IF(A10<=Sisendid!$B$6,MAX(0,C10-F10),"") -> 28082.305 | J10: =IF(A10<=Sisendid!$B$6,J9+E10,"") -> 1344.9569
A11: 8 | B11: =IF(A11<=Sisendid!$B$6,EDATE($B$4,A11-1),"") -> 46359 | C11: =IF(A11<=Sisendid!$B$6,I10,"") -> 28082.305 | D11: =IF(A11<=Sisendid!$B$6,Sisendid!$B$15,"") -> 466.09319 | E11: =IF(A11<=Sisendid!$B$6,C11*(Sisendid!$B$5/12),"") -> 184.87517 | F11: =IF(A11<=Sisendid!$B$6,MIN(D11-E11,C11),"") -> 281.21802 | G11: =IF(A11<=Sisendid!$B$6,Sisendid!$B$8,"") -> 3.99 | H11: =IF(A11<=Sisendid!$B$6,E11+F11+G11,"") -> 470.08319 | I11: =IF(A11<=Sisendid!$B$6,MAX(0,C11-F11),"") -> 27801.086 | J11: =IF(A11<=Sisendid!$B$6,J10+E11,"") -> 1529.832
A12: 9 | B12: =IF(A12<=Sisendid!$B$6,EDATE($B$4,A12-1),"") -> 46390 | C12: =IF(A12<=Sisendid!$B$6,I11,"") -> 27801.086 | D12: =IF(A12<=Sisendid!$B$6,Sisendid!$B$15,"") -> 466.09319 | E12: =IF(A12<=Sisendid!$B$6,C12*(Sisendid!$B$5/12),"") -> 183.02382 | F12: =IF(A12<=Sisendid!$B$6,MIN(D12-E12,C12),"") -> 283.06937 | G12: =IF(A12<=Sisendid!$B$6,Sisendid!$B$8,"") -> 3.99 | H12: =IF(A12<=Sisendid!$B$6,E12+F12+G12,"") -> 470.08319 | I12: =IF(A12<=Sisendid!$B$6,MAX(0,C12-F12),"") -> 27518.017 | J12: =IF(A12<=Sisendid!$B$6,J11+E12,"") -> 1712.8559
A13: 10 | B13: =IF(A13<=Sisendid!$B$6,EDATE($B$4,A13-1),"") -> 46421 | C13: =IF(A13<=Sisendid!$B$6,I12,"") -> 27518.017 | D13: =IF(A13<=Sisendid!$B$6,Sisendid!$B$15,"") -> 466.09319 | E13: =IF(A13<=Sisendid!$B$6,C13*(Sisendid!$B$5/12),"") -> 181.16028 | F13: =IF(A13<=Sisendid!$B$6,MIN(D13-E13,C13),"") -> 284.93291 | G13: =IF(A13<=Sisendid!$B$6,Sisendid!$B$8,"") -> 3.99 | H13: =IF(A13<=Sisendid!$B$6,E13+F13+G13,"") -> 470.08319 | I13: =IF(A13<=Sisendid!$B$6,MAX(0,C13-F13),"") -> 27233.084 | J13: =IF(A13<=Sisendid!$B$6,J12+E13,"") -> 1894.0161
A14: 11 | B14: =IF(A14<=Sisendid!$B$6,EDATE($B$4,A14-1),"") -> 46449 | C14: =IF(A14<=Sisendid!$B$6,I13,"") -> 27233.084 | D14: =IF(A14<=Sisendid!$B$6,Sisendid!$B$15,"") -> 466.09319 | E14: =IF(A14<=Sisendid!$B$6,C14*(Sisendid!$B$5/12),"") -> 179.28447 | F14: =IF(A14<=Sisendid!$B$6,MIN(D14-E14,C14),"") -> 286.80872 | G14: =IF(A14<=Sisendid!$B$6,Sisendid!$B$8,"") -> 3.99 | H14: =IF(A14<=Sisendid!$B$6,E14+F14+G14,"") -> 470.08319 | I14: =IF(A14<=Sisendid!$B$6,MAX(0,C14-F14),"") -> 26946.275 | J14: =IF(A14<=Sisendid!$B$6,J13+E14,"") -> 2073.3006
A15: 12 | B15: =IF(A15<=Sisendid!$B$6,EDATE($B$4,A15-1),"") -> 46480 | C15: =IF(A15<=Sisendid!$B$6,I14,"") -> 26946.275 | D15: =IF(A15<=Sisendid!$B$6,Sisendid!$B$15,"") -> 466.09319 | E15: =IF(A15<=Sisendid!$B$6,C15*(Sisendid!$B$5/12),"") -> 177.39631 | F15: =IF(A15<=Sisendid!$B$6,MIN(D15-E15,C15),"") -> 288.69688 | G15: =IF(A15<=Sisendid!$B$6,Sisendid!$B$8,"") -> 3.99 | H15: =IF(A15<=Sisendid!$B$6,E15+F15+G15,"") -> 470.08319 | I15: =IF(A15<=Sisendid!$B$6,MAX(0,C15-F15),"") -> 26657.579 | J15: =IF(A15<=Sisendid!$B$6,J14+E15,"") -> 2250.6969
A16: 13 | B16: =IF(A16<=Sisendid!$B$6,EDATE($B$4,A16-1),"") -> 46510 | C16: =IF(A16<=Sisendid!$B$6,I15,"") -> 26657.579 | D16: =IF(A16<=Sisendid!$B$6,Sisendid!$B$15,"") -> 466.09319 | E16: =IF(A16<=Sisendid!$B$6,C16*(Sisendid!$B$5/12),"") -> 175.49573 | F16: =IF(A16<=Sisendid!$B$6,MIN(D16-E16,C16),"") -> 290.59747 | G16: =IF(A16<=Sisendid!$B$6,Sisendid!$B$8,"") -> 3.99 | H16: =IF(A16<=Sisendid!$B$6,E16+F16+G16,"") -> 470.08319 | I16: =IF(A16<=Sisendid!$B$6,MAX(0,C16-F16),"") -> 26366.981 | J16: =IF(A16<=Sisendid!$B$6,J15+E16,"") -> 2426.1926
... A114: 111 | B114: =IF(A114<=Sisendid!$B$6,EDATE($B$4,A114-1),"") | C114: =IF(A114<=Sisendid!$B$6,I113,"") | D114: =IF(A114<=Sisendid!$B$6,Sisendid!$B$15,"") | E114: =IF(A114<=Sisendid!$B$6,C114*(Sisendid!$B$5/12),"") | F114: =IF(A114<=Sisendid!$B$6,MIN(D114-E114,C114),"") | G114: =IF(A114<=Sisendid!$B$6,Sisendid!$B$8,"") | H114: =IF(A114<=Sisendid!$B$6,E114+F114+G114,"") | I114: =IF(A114<=Sisendid!$B$6,MAX(0,C114-F114),"") | J114: =IF(A114<=Sisendid!$B$6,J113+E114,"")
A115: 112 | B115: =IF(A115<=Sisendid!$B$6,EDATE($B$4,A115-1),"") | C115: =IF(A115<=Sisendid!$B$6,I114,"") | D115: =IF(A115<=Sisendid!$B$6,Sisendid!$B$15,"") | E115: =IF(A115<=Sisendid!$B$6,C115*(Sisendid!$B$5/12),"") | F115: =IF(A115<=Sisendid!$B$6,MIN(D115-E115,C115),"") | G115: =IF(A115<=Sisendid!$B$6,Sisendid!$B$8,"") | H115: =IF(A115<=Sisendid!$B$6,E115+F115+G115,"") | I115: =IF(A115<=Sisendid!$B$6,MAX(0,C115-F115),"") | J115: =IF(A115<=Sisendid!$B$6,E115,"")
A116: 113 | B116: =IF(A116<=Sisendid!$B$6,EDATE($B$4,A116-1),"") | C116: =IF(A116<=Sisendid!$B$6,I115,"") | D116: =IF(A116<=Sisendid!$B$6,Sisendid!$B$15,"") | E116: =IF(A116<=Sisendid!$B$6,C116*(Sisendid!$B$5/12),"") | F116: =IF(A116<=Sisendid!$B$6,MIN(D116-E116,C116),"") | G116: =IF(A116<=Sisendid!$B$6,Sisendid!$B$8,"") | H116: =IF(A116<=Sisendid!$B$6,E116+F116+G116,"") | I116: =IF(A116<=Sisendid!$B$6,MAX(0,C116-F116),"") | J116: =IF(A116<=Sisendid!$B$6,E116,"")
A117: 114 | B117: =IF(A117<=Sisendid!$B$6,EDATE($B$4,A117-1),"") | C117: =IF(A117<=Sisendid!$B$6,I116,"") | D117: =IF(A117<=Sisendid!$B$6,Sisendid!$B$15,"") | E117: =IF(A117<=Sisendid!$B$6,C117*(Sisendid!$B$5/12),"") | F117: =IF(A117<=Sisendid!$B$6,MIN(D117-E117,C117),"") | G117: =IF(A117<=Sisendid!$B$6,Sisendid!$B$8,"") | H117: =IF(A117<=Sisendid!$B$6,E117+F117+G117,"") | I117: =IF(A117<=Sisendid!$B$6,MAX(0,C117-F117),"") | J117: =IF(A117<=Sisendid!$B$6,E117,"")
A118: 115 | B118: =IF(A118<=Sisendid!$B$6,EDATE($B$4,A118-1),"") | C118: =IF(A118<=Sisendid!$B$6,I117,"") | D118: =IF(A118<=Sisendid!$B$6,Sisendid!$B$15,"") | E118: =IF(A118<=Sisendid!$B$6,C118*(Sisendid!$B$5/12),"") | F118: =IF(A118<=Sisendid!$B$6,MIN(D118-E118,C118),"") | G118: =IF(A118<=Sisendid!$B$6,Sisendid!$B$8,"") | H118: =IF(A118<=Sisendid!$B$6,E118+F118+G118,"") | I118: =IF(A118<=Sisendid!$B$6,MAX(0,C118-F118),"") | J118: =IF(A118<=Sisendid!$B$6,E118,"")
A119: 116 | B119: =IF(A119<=Sisendid!$B$6,EDATE($B$4,A119-1),"") | C119: =IF(A119<=Sisendid!$B$6,I118,"") | D119: =IF(A119<=Sisendid!$B$6,Sisendid!$B$15,"") | E119: =IF(A119<=Sisendid!$B$6,C119*(Sisendid!$B$5/12),"") | F119: =IF(A119<=Sisendid!$B$6,MIN(D119-E119,C119),"") | G119: =IF(A119<=Sisendid!$B$6,Sisendid!$B$8,"") | H119: =IF(A119<=Sisendid!$B$6,E119+F119+G119,"") | I119: =IF(A119<=Sisendid!$B$6,MAX(0,C119-F119),"") | J119: =IF(A119<=Sisendid!$B$6,E119,"")
A120: 117 | B120: =IF(A120<=Sisendid!$B$6,EDATE($B$4,A120-1),"") | C120: =IF(A120<=Sisendid!$B$6,I119,"") | D120: =IF(A120<=Sisendid!$B$6,Sisendid!$B$15,"") | E120: =IF(A120<=Sisendid!$B$6,C120*(Sisendid!$B$5/12),"") | F120: =IF(A120<=Sisendid!$B$6,MIN(D120-E120,C120),"") | G120: =IF(A120<=Sisendid!$B$6,Sisendid!$B$8,"") | H120: =IF(A120<=Sisendid!$B$6,E120+F120+G120,"") | I120: =IF(A120<=Sisendid!$B$6,MAX(0,C120-F120),"") | J120: =IF(A120<=Sisendid!$B$6,E120,"")
A121: 118 | B121: =IF(A121<=Sisendid!$B$6,EDATE($B$4,A121-1),"") | C121: =IF(A121<=Sisendid!$B$6,I120,"") | D121: =IF(A121<=Sisendid!$B$6,Sisendid!$B$15,"") | E121: =IF(A121<=Sisendid!$B$6,C121*(Sisendid!$B$5/12),"") | F121: =IF(A121<=Sisendid!$B$6,MIN(D121-E121,C121),"") | G121: =IF(A121<=Sisendid!$B$6,Sisendid!$B$8,"") | H121: =IF(A121<=Sisendid!$B$6,E121+F121+G121,"") | I121: =IF(A121<=Sisendid!$B$6,MAX(0,C121-F121),"") | J121: =IF(A121<=Sisendid!$B$6,E121,"")
A122: 119 | B122: =IF(A122<=Sisendid!$B$6,EDATE($B$4,A122-1),"") | C122: =IF(A122<=Sisendid!$B$6,I121,"") | D122: =IF(A122<=Sisendid!$B$6,Sisendid!$B$15,"") | E122: =IF(A122<=Sisendid!$B$6,C122*(Sisendid!$B$5/12),"") | F122: =IF(A122<=Sisendid!$B$6,MIN(D122-E122,C122),"") | G122: =IF(A122<=Sisendid!$B$6,Sisendid!$B$8,"") | H122: =IF(A122<=Sisendid!$B$6,E122+F122+G122,"") | I122: =IF(A122<=Sisendid!$B$6,MAX(0,C122-F122),"") | J122: =IF(A122<=Sisendid!$B$6,E122,"")
A123: 120 | B123: =IF(A123<=Sisendid!$B$6,EDATE($B$4,A123-1),"") | C123: =IF(A123<=Sisendid!$B$6,I122,"") | D123: =IF(A123<=Sisendid!$B$6,Sisendid!$B$15,"") | E123: =IF(A123<=Sisendid!$B$6,C123*(Sisendid!$B$5/12),"") | F123: =IF(A123<=Sisendid!$B$6,MIN(D123-E123,C123),"") | G123: =IF(A123<=Sisendid!$B$6,Sisendid!$B$8,"") | H123: =IF(A123<=Sisendid!$B$6,E123+F123+G123,"") | I123: =IF(A123<=Sisendid!$B$6,MAX(0,C123-F123),"") | J123: =IF(A123<=Sisendid!$B$6,E123,"")

Sheet Stsenaariumid
A1: Stsenaariumianalüüs – kuumakse ja kulukus
A3: Stsenaarium | B3: Laenusumma | C3: Intress | D3: Periood (kuud) | E3: Lepingutasu | F3: Haldustasu | G3: Kuumakse | H3: Kogumakse kuus | I3: Kogukulu | J3: Kulukuse määr
A4: Baasstsenaarium | B4: =Sisendid!B4 -> 30000 | C4: =Sisendid!B5 -> 0.079 | D4: =Sisendid!B6 -> 84 | E4: =Sisendid!B7 -> 600 | F4: =Sisendid!$B$8 -> 3.99 | G4: =-PMT(C4/12,D4,B4) -> 466.09319 | H4: =G4+F4 -> 470.08319 | I4: =H4*D4+E4 -> 40086.988 | J4: =(1+RATE(D4,-H4,B4-E4))^12-1 -> 0.091668855
A5: Madalam summa | B5: 8000 | C5: =Sisendid!$B$5 -> 0.079 | D5: =Sisendid!$B$6 -> 84 | E5: =Sisendid!$B$7 -> 600 | F5: =Sisendid!$B$8 -> 3.99 | G5: =-PMT(C5/12,D5,B5) -> 124.29152 | H5: =G5+F5 -> 128.28152 | I5: =H5*D5+E5 -> 11375.648 | J5: =(1+RATE(D5,-H5,B5-E5))^12-1 -> 0.1201883
A6: Pikem periood | B6: =Sisendid!$B$4 -> 30000 | C6: =Sisendid!$B$5 -> 0.079 | D6: 120 | E6: =Sisendid!B7 -> 600 | F6: =Sisendid!$B$8 -> 3.99 | G6: =-PMT(C6/12,D6,B6) -> 362.39952 | H6: =G6+F6 -> 366.38952 | I6: =H6*D6+E6 -> 44566.742 | J6: =(1+RATE(D6,-H6,B6-E6))^12-1 -> 0.089676157
A7: Kõrgem intress | B7: =Sisendid!$B$4 -> 30000 | C7: 0.119 | D7: =Sisendid!$B$6 -> 84 | E7: =Sisendid!$B$7 -> 600 | F7: =Sisendid!$B$8 -> 3.99 | G7: =-PMT(C7/12,D7,B7) -> 527.97898 | H7: =G7+F7 -> 531.96898 | I7: =H7*D7+E7 -> 45285.394 | J7: =(1+RATE(D7,-H7,B7-E7))^12-1 -> 0.13600629
A8: Suurem summa | B8: 16000 | C8: =Sisendid!$B$5 -> 0.079 | D8: =Sisendid!$B$6 -> 84 | E8: =Sisendid!$B$7 -> 600 | F8: =Sisendid!$B$8 -> 3.99 | G8: =-PMT(C8/12,D8,B8) -> 248.58304 | H8: =G8+F8 -> 252.57304 | I8: =H8*D8+E8 -> 21816.135 | J8: =(1+RATE(D8,-H8,B8-E8))^12-1 -> 0.10045801
A10: Märkus: stsenaariumid muudavad ühte põhisisendit võrreldes baasstsenaariumiga, et näidata mõju kuumaksele, kogukulule ja hinnangulisele kulukuse määrale.
A12: Baasstsenaarium – põhisisendid
A13: Madalam summa – sama periood, intress ja tasud, aga väiksem laenusumma
A14: Pikem periood – sama laenusumma, intress ja tasud, aga pikem periood
A15: Kõrgem intress – sama laenusumma, periood ja tasud, aga kõrgem intressimäär
A16: Suurem summa – sama periood, intress ja tasud, aga suurem laenusumma

Sheet Kokkuvõte
A1: Laenukalkulaatori kokkuvõte
A3: Mõõdik | B3: Väärtus | D3: Kuidas seda portfoolios selgitada
A4: Laenusumma | B4: =Sisendid!B4 -> 30000 | D4: See Exceli töövihik näitab pangalaenu põhiloogikat: sisendite eraldamine arvutustest, PMT/RATE valemid, maksegraafik, stsenaariumianalüüs ja visuaalne kokkuvõte. Oranži lahtrid on muudetavad sisendid; mustad lahtrid on valemid.
A5: Aastane intress | B5: =Sisendid!B5 -> 0.079
A6: Periood | B6: =Sisendid!B6 -> 84
A7: Kuumakse koos haldustasuga | B7: =Sisendid!B16 -> 470.08319
A8: Kogumaksete summa | B8: =Sisendid!B17 -> 40086.988
A9: Kogu intressikulu | B9: =Sisendid!B18 -> 9151.8282
A10: Hinnanguline kulukuse määr | B10: =Sisendid!B19 -> 0.091668855
A11: Võla teenindamise määr | B11: =Sisendid!B20 -> 0.50803328
